Workbook

Sheet Settings
A1: Deep Note glide settings (deep_note_play.py)
A2: Blue values are the script's current settings. Change them here to see the effect on the other sheets (this does not change the script).
A4: Setting | B4: Value | C4: Unit | D4: Group | E4: What it does
A5: UP_THRESHOLD | B5: 400 | C5: Hz | D5: Both | E5: Voices landing above this climb (accelerating); at or below it they dive (ease-in-out)
A6: GLIDE_START | B6: 11.5 | C6: s | D6: Dive | E6: When the lowest voices (D1) start diving
A7: GLIDE_STAGGER | B7: 2.5 | C7: s | D7: Dive | E7: Higher-landing dive voices start up to this much later, scaled by target pitch
A8: GLIDE_T_MIN | B8: 3 | C8: s | D8: Dive | E8: Shortest dive glide
A9: GLIDE_T_MAX | B9: 4.5 | C9: s | D9: Dive | E9: Longest dive glide
A10: UP_GLIDE_START | B10: 12 | C10: s | D10: Climb | E10: When the climbing voices take off
A11: UP_GLIDE_T_MIN | B11: 5 | C11: s | D11: Climb | E11: Shortest climb
A12: UP_GLIDE_T_MAX | B12: 5.5 | C12: s | D12: Climb | E12: Longest climb
A13: UP_GLIDE_POWER | B13: 1.3 | D13: Climb | E13: Acceleration of the climb: 1.0 = steady; higher = slower start, more explosive finish
A14: GLIDE_JITTER | B14: 0.5 | C14: s | D14: Both | E14: Random extra delay per voice, 0 to this (both groups)
A15: CRESC_START | B15: 12.5 | C15: s | D15: Both | E15: When the volume swell begins (independent of the glides)

Sheet Climb curve
A1: Climbing voices: how UP_GLIDE_POWER shapes the acceleration
A2: Pitch progress = (time progress) ^ UP_GLIDE_POWER. The speed-up runs from take-off to landing; there is no separate 'speed-up starts' setting.
A4: UP_GLIDE_POWER | B4: Climb done at halfway (time) | C4: Feel
A5: 1 | B5: =0.5^A5 -> 0.5 | C5: Steady climb, no acceleration
A6: 1.3 | B6: =0.5^A6 -> 0.4061262 | C6: Gentle, continuous speed-up
A7: 2 | B7: =0.5^A7 -> 0.25 | C7: Clearly slow start, fast finish
A8: 3 | B8: =0.5^A8 -> 0.125 | C8: Lingers, then shoots up near the end
A9: 4 | B9: =0.5^A9 -> 0.0625 | C9: Almost holds, then a sudden late surge
A10: =Settings!$B$13 -> 1.3 | B10: =0.5^A10 -> 0.4061262 | C10: Current setting (from Settings sheet)
A12: Pitch progress through the climb (0% = start note, 100% = chord note)
A13: Time through climb | B13: Power 1.0 | C13: Power 1.3 | D13: Power 2.0 | E13: Power 3.0 | F13: Power 4.0 | G13: Current
A14: 0 | B14: =$A14^A$5 -> 0 | C14: =$A14^A$6 -> 0 | D14: =$A14^A$7 -> 0 | E14: =$A14^A$8 -> 0 | F14: =$A14^A$9 -> 0 | G14: =$A14^$A$10 -> 0
A15: 0.1 | B15: =$A15^A$5 -> 0.1 | C15: =$A15^A$6 -> 0.050118723 | D15: =$A15^A$7 -> 0.01 | E15: =$A15^A$8 -> 0.001 | F15: =$A15^A$9 -> 0.0001 | G15: =$A15^$A$10 -> 0.050118723
A16: 0.2 | B16: =$A16^A$5 -> 0.2 | C16: =$A16^A$6 -> 0.12340677 | D16: =$A16^A$7 -> 0.04 | E16: =$A16^A$8 -> 0.008 | F16: =$A16^A$9 -> 0.0016 | G16: =$A16^$A$10 -> 0.12340677
A17: 0.3 | B17: =$A17^A$5 -> 0.3 | C17: =$A17^A$6 -> 0.20905359 | D17: =$A17^A$7 -> 0.09 | E17: =$A17^A$8 -> 0.027 | F17: =$A17^A$9 -> 0.0081 | G17: =$A17^$A$10 -> 0.20905359
A18: 0.4 | B18: =$A18^A$5 -> 0.4 | C18: =$A18^A$6 -> 0.30386312 | D18: =$A18^A$7 -> 0.16 | E18: =$A18^A$8 -> 0.064 | F18: =$A18^A$9 -> 0.0256 | G18: =$A18^$A$10 -> 0.30386312
A19: 0.5 | B19: =$A19^A$5 -> 0.5 | C19: =$A19^A$6 -> 0.4061262 | D19: =$A19^A$7 -> 0.25 | E19: =$A19^A$8 -> 0.125 | F19: =$A19^A$9 -> 0.0625 | G19: =$A19^$A$10 -> 0.4061262
A20: 0.6 | B20: =$A20^A$5 -> 0.6 | C20: =$A20^A$6 -> 0.51475032 | D20: =$A20^A$7 -> 0.36 | E20: =$A20^A$8 -> 0.216 | F20: =$A20^A$9 -> 0.1296 | G20: =$A20^$A$10 -> 0.51475032
A21: 0.7 | B21: =$A21^A$5 -> 0.7 | C21: =$A21^A$6 -> 0.62896641 | D21: =$A21^A$7 -> 0.49 | E21: =$A21^A$8 -> 0.343 | F21: =$A21^A$9 -> 0.2401 | G21: =$A21^$A$10 -> 0.62896641
A22: 0.8 | B22: =$A22^A$5 -> 0.8 | C22: =$A22^A$6 -> 0.74819876 | D22: =$A22^A$7 -> 0.64 | E22: =$A22^A$8 -> 0.512 | F22: =$A22^A$9 -> 0.4096 | G22: =$A22^$A$10 -> 0.74819876
A23: 0.9 | B23: =$A23^A$5 -> 0.9 | C23: =$A23^A$6 -> 0.87199755 | D23: =$A23^A$7 -> 0.81 | E23: =$A23^A$8 -> 0.729 | F23: =$A23^A$9 -> 0.6561 | G23: =$A23^$A$10 -> 0.87199755
A24: 1 | B24: =$A24^A$5 -> 1 | C24: =$A24^A$6 -> 1 | D24: =$A24^A$7 -> 1 | E24: =$A24^A$8 -> 1 | F24: =$A24^A$9 -> 1 | G24: =$A24^$A$10 -> 1
A26: Climb timing with current settings
A27: Earliest take-off (s) | B27: =Settings!$B$10 -> 12
A28: Latest take-off (s) | B28: =Settings!$B$10+Settings!$B$14 -> 12.5
A29: Typical landing (s) | B29: =Settings!$B$10+Settings!$B$14/2+(Settings!$B$11+Settings!$B$12)/2 -> 17.5
A30: Latest landing (s) | B30: =Settings!$B$10+Settings!$B$14+Settings!$B$12 -> 18
A32: Climbing voices are fastest at the moment they land (for any power above 1.0).

Sheet Dive timing
A1: When each voice group starts gliding and moves fastest
A2: Dive voices use an ease-in-out curve: they speed up, are fastest at the midpoint of their glide, then slow into their note. Times exclude the random jitter (add 0 to GLIDE_JITTER).
A4: Chord note | B4: Ratio to D1 | C4: Target (Hz) | D4: Voices | E4: Group | F4: Rank (0 = D1, 1 = A6) | G4: Glide start (s) | H4: Fastest moment (s) | I4: Typical landing (s)
A5: D1 | B5: 1 | C5: =37.8*B5 -> 37.8 | D5: 3 | E5: =IF(C5>Settings!$B$5,"Climb","Dive") -> Dive | F5: =LN(B5)/LN(48) -> 0 | G5: =IF(E5="Climb",Settings!$B$10,Settings!$B$6+Settings!$B$7*F5) -> 11.5 | H5: =IF(E5="Climb",G5+(Settings!$B$11+Settings!$B$12)/2,G5+(Settings!$B$8+Settings!$B$9)/4) -> 13.375 | I5: =IF(E5="Climb",G5+(Settings!$B$11+Settings!$B$12)/2,G5+(Settings!$B$8+Settings!$B$9)/2) -> 15.25
A6: A1 | B6: 1.5 | C6: =37.8*B6 -> 56.7 | D6: 1 | E6: =IF(C6>Settings!$B$5,"Climb","Dive") -> Dive | F6: =LN(B6)/LN(48) -> 0.10473884 | G6: =IF(E6="Climb",Settings!$B$10,Settings!$B$6+Settings!$B$7*F6) -> 11.761847 | H6: =IF(E6="Climb",G6+(Settings!$B$11+Settings!$B$12)/2,G6+(Settings!$B$8+Settings!$B$9)/4) -> 13.636847 | I6: =IF(E6="Climb",G6+(Settings!$B$11+Settings!$B$12)/2,G6+(Settings!$B$8+Settings!$B$9)/2) -> 15.511847
A7: D2 | B7: 2 | C7: =37.8*B7 -> 75.6 | D7: 4 | E7: =IF(C7>Settings!$B$5,"Climb","Dive") -> Dive | F7: =LN(B7)/LN(48) -> 0.17905223 | G7: =IF(E7="Climb",Settings!$B$10,Settings!$B$6+Settings!$B$7*F7) -> 11.947631 | H7: =IF(E7="Climb",G7+(Settings!$B$11+Settings!$B$12)/2,G7+(Settings!$B$8+Settings!$B$9)/4) -> 13.822631 | I7: =IF(E7="Climb",G7+(Settings!$B$11+Settings!$B$12)/2,G7+(Settings!$B$8+Settings!$B$9)/2) -> 15.697631
A8: A2 | B8: 3 | C8: =37.8*B8 -> 113.4 | D8: 1 | E8: =IF(C8>Settings!$B$5,"Climb","Dive") -> Dive | F8: =LN(B8)/LN(48) -> 0.28379107 | G8: =IF(E8="Climb",Settings!$B$10,Settings!$B$6+Settings!$B$7*F8) -> 12.209478 | H8: =IF(E8="Climb",G8+(Settings!$B$11+Settings!$B$12)/2,G8+(Settings!$B$8+Settings!$B$9)/4) -> 14.084478 | I8: =IF(E8="Climb",G8+(Settings!$B$11+Settings!$B$12)/2,G8+(Settings!$B$8+Settings!$B$9)/2) -> 15.959478
A9: D3 | B9: 4 | C9: =37.8*B9 -> 151.2 | D9: 4 | E9: =IF(C9>Settings!$B$5,"Climb","Dive") -> Dive | F9: =LN(B9)/LN(48) -> 0.35810446 | G9: =IF(E9="Climb",Settings!$B$10,Settings!$B$6+Settings!$B$7*F9) -> 12.395261 | H9: =IF(E9="Climb",G9+(Settings!$B$11+Settings!$B$12)/2,G9+(Settings!$B$8+Settings!$B$9)/4) -> 14.270261 | I9: =IF(E9="Climb",G9+(Settings!$B$11+Settings!$B$12)/2,G9+(Settings!$B$8+Settings!$B$9)/2) -> 16.145261
A10: A3 | B10: 6 | C10: =37.8*B10 -> 226.8 | D10: 3 | E10: =IF(C10>Settings!$B$5,"Climb","Dive") -> Dive | F10: =LN(B10)/LN(48) -> 0.4628433 | G10: =IF(E10="Climb",Settings!$B$10,Settings!$B$6+Settings!$B$7*F10) -> 12.657108 | H10: =IF(E10="Climb",G10+(Settings!$B$11+Settings!$B$12)/2,G10+(Settings!$B$8+Settings!$B$9)/4) -> 14.532108 | I10: =IF(E10="Climb",G10+(Settings!$B$11+Settings!$B$12)/2,G10+(Settings!$B$8+Settings!$B$9)/2) -> 16.407108
A11: D4 | B11: 8 | C11: =37.8*B11 -> 302.4 | D11: 3 | E11: =IF(C11>Settings!$B$5,"Climb","Dive") -> Dive | F11: =LN(B11)/LN(48) -> 0.5371567 | G11: =IF(E11="Climb",Settings!$B$10,Settings!$B$6+Settings!$B$7*F11) -> 12.842892 | H11: =IF(E11="Climb",G11+(Settings!$B$11+Settings!$B$12)/2,G11+(Settings!$B$8+Settings!$B$9)/4) -> 14.717892 | I11: =IF(E11="Climb",G11+(Settings!$B$11+Settings!$B$12)/2,G11+(Settings!$B$8+Settings!$B$9)/2) -> 16.592892
A12: A4 | B12: 12 | C12: =37.8*B12 -> 453.6 | D12: 2 | E12: =IF(C12>Settings!$B$5,"Climb","Dive") -> Climb | F12: =LN(B12)/LN(48) -> 0.64189554 | G12: =IF(E12="Climb",Settings!$B$10,Settings!$B$6+Settings!$B$7*F12) -> 12 | H12: =IF(E12="Climb",G12+(Settings!$B$11+Settings!$B$12)/2,G12+(Settings!$B$8+Settings!$B$9)/4) -> 17.25 | I12: =IF(E12="Climb",G12+(Settings!$B$11+Settings!$B$12)/2,G12+(Settings!$B$8+Settings!$B$9)/2) -> 17.25
A13: D5 | B13: 16 | C13: =37.8*B13 -> 604.8 | D13: 2 | E13: =IF(C13>Settings!$B$5,"Climb","Dive") -> Climb | F13: =LN(B13)/LN(48) -> 0.71620893 | G13: =IF(E13="Climb",Settings!$B$10,Settings!$B$6+Settings!$B$7*F13) -> 12 | H13: =IF(E13="Climb",G13+(Settings!$B$11+Settings!$B$12)/2,G13+(Settings!$B$8+Settings!$B$9)/4) -> 17.25 | I13: =IF(E13="Climb",G13+(Settings!$B$11+Settings!$B$12)/2,G13+(Settings!$B$8+Settings!$B$9)/2) -> 17.25
A14: A5 | B14: 24 | C14: =37.8*B14 -> 907.2 | D14: 2 | E14: =IF(C14>Settings!$B$5,"Climb","Dive") -> Climb | F14: =LN(B14)/LN(48) -> 0.82094777 | G14: =IF(E14="Climb",Settings!$B$10,Settings!$B$6+Settings!$B$7*F14) -> 12 | H14: =IF(E14="Climb",G14+(Settings!$B$11+Settings!$B$12)/2,G14+(Settings!$B$8+Settings!$B$9)/4) -> 17.25 | I14: =IF(E14="Climb",G14+(Settings!$B$11+Settings!$B$12)/2,G14+(Settings!$B$8+Settings!$B$9)/2) -> 17.25
A15: F#6 | B15: 40 | C15: =37.8*B15 -> 1512 | D15: 2 | E15: =IF(C15>Settings!$B$5,"Climb","Dive") -> Climb | F15: =LN(B15)/LN(48) -> 0.9529031 | G15: =IF(E15="Climb",Settings!$B$10,Settings!$B$6+Settings!$B$7*F15) -> 12 | H15: =IF(E15="Climb",G15+(Settings!$B$11+Settings!$B$12)/2,G15+(Settings!$B$8+Settings!$B$9)/4) -> 17.25 | I15: =IF(E15="Climb",G15+(Settings!$B$11+Settings!$B$12)/2,G15+(Settings!$B$8+Settings!$B$9)/2) -> 17.25
A16: A6 | B16: 48 | C16: =37.8*B16 -> 1814.4 | D16: 3 | E16: =IF(C16>Settings!$B$5,"Climb","Dive") -> Climb | F16: =LN(B16)/LN(48) -> 1 | G16: =IF(E16="Climb",Settings!$B$10,Settings!$B$6+Settings!$B$7*F16) -> 12 | H16: =IF(E16="Climb",G16+(Settings!$B$11+Settings!$B$12)/2,G16+(Settings!$B$8+Settings!$B$9)/4) -> 17.25 | I16: =IF(E16="Climb",G16+(Settings!$B$11+Settings!$B$12)/2,G16+(Settings!$B$8+Settings!$B$9)/2) -> 17.25
A17: Total voices | D17: =SUM(D5:D16) -> 30
A19: Notes
A20: Target pitch uses D1 = 37.8 Hz; the script also tunes upper notes ~12 cents flat and adds small detune, ignored here.
A21: Climb voices' 'fastest moment' is their landing, because they accelerate all the way in.
A22: Some 'Dive' voices (A3, D4) actually move slightly up from their 140-270 Hz start, but follow the dive timing and curve.
A23: Voice counts come from build_final_chord() in the script.
