Workbook

Sheet About
A1: Knee: where a voice's tone stops being bright
A3: Each voice is a fundamental plus up to 16 harmonics (multiples of its pitch).
A4: The knee sets how many harmonics keep full sawtooth-like strength (harmonic k at 1/k) before the rest fall off steeply.
A5: Harmonics 1 to the knee: stay strong. This is where a voice's brightness and edge come from.
A6: Harmonics above the knee: fall off faster, at about 1/k^1.8 (ROLLOFF_HIGH), so the voice doesn't sound like a raw, buzzy sawtooth.
A8: It depends on pitch: KNEE_HIGH applies at 200 Hz and above; below that the knee shrinks toward 1 at 80 Hz,
A9: so bass voices fall off steeply from the fundamental and stay round. Diving voices also slide toward that bass tone as they descend.
A11: Why it exists: it fixed the sawtooth-sounding voice at the start of the glide (before, every voice above 200 Hz kept all 16 harmonics at full sawtooth strength).
A13: Changing KNEE_HIGH:
A14: Higher (5-6): climbing voices brighter and edgier, closer to the reference's top end; too high and the sawtooth quality returns.
A15: Lower (2-3): mellower, more cello-like and less cutting; the climb can start to sound filtered again.
A17: Not included here: the 650 Hz body resonance (FORMANT_*) and the treble filter that opens with the crescendo (LOWPASS_*).
... A20: How to use: edit the blue cells on the 'Harmonics' sheet (voice pitch and settings). Everything else recalculates.

Sheet Harmonics
A1: Harmonic levels for one voice
A2: Edit the blue cells. Values in the yellow cell are the one most worth trying.
A4: Input | B4: Value | C4: Unit | D4: Notes
A5: Voice pitch | B5: 400 | C5: Hz | D5: The voice's current pitch (try 100, 200, 400, 1000)
A6: KNEE_HIGH | B6: 4 | D6: Knee for voices at or above ROLLOFF_HIGH_HZ (script value)
A7: ROLLOFF_HIGH | B7: 1.8 | D7: Fall-off exponent above the knee, high voices (script value)
A8: ROLLOFF_LOW | B8: 1.9 | D8: Fall-off exponent for bass voices (script value)
A9: ROLLOFF_LOW_HZ | B9: 80 | C9: Hz | D9: At or below this: knee 1, ROLLOFF_LOW (script value)
A10: ROLLOFF_HIGH_HZ | B10: 200 | C10: Hz | D10: At or above this: KNEE_HIGH, ROLLOFF_HIGH (script value)
A12: Derived | B12: Value | D12: How it's computed
A13: Register (0 = bass, 1 = high) | B13: =MAX(0,MIN(1,LN(B5/B9)/LN(B10/B9))) -> 1 | D13: Position of the pitch between ROLLOFF_LOW_HZ and ROLLOFF_HIGH_HZ, on a log scale
A14: Knee for this voice | B14: =1+(B6-1)*B13 -> 4 | D14: 1 + (KNEE_HIGH - 1) x register
A15: Rolloff for this voice | B15: =B8+(B7-B8)*B13 -> 1.8 | D15: ROLLOFF_LOW + (ROLLOFF_HIGH - ROLLOFF_LOW) x register
A17: Harmonic | B17: Frequency (Hz) | C17: Amplitude (this voice) | D17: Amplitude (pure sawtooth) | E17: Level vs sawtooth (dB) | F17: Level vs fundamental (dB) | G17: Above the knee?
A18: 1 | B18: =A18*$B$5 -> 400 | C18: =1/A18*MAX(A18/$B$14,1)^(1-$B$15) -> 1 | D18: =1/A18 -> 1 | E18: =20*LOG10(C18/D18) -> 0 | F18: =20*LOG10(C18/$C$18) -> 0 | G18: =IF(A18>$B$14,"yes","no") -> no
A19: 2 | B19: =A19*$B$5 -> 800 | C19: =1/A19*MAX(A19/$B$14,1)^(1-$B$15) -> 0.5 | D19: =1/A19 -> 0.5 | E19: =20*LOG10(C19/D19) -> 0 | F19: =20*LOG10(C19/$C$18) -> -6.0205999 | G19: =IF(A19>$B$14,"yes","no") -> no
A20: 3 | B20: =A20*$B$5 -> 1200 | C20: =1/A20*MAX(A20/$B$14,1)^(1-$B$15) -> 0.33333333 | D20: =1/A20 -> 0.33333333 | E20: =20*LOG10(C20/D20) -> 0 | F20: =20*LOG10(C20/$C$18) -> -9.5424251 | G20: =IF(A20>$B$14,"yes","no") -> no
A21: 4 | B21: =A21*$B$5 -> 1600 | C21: =1/A21*MAX(A21/$B$14,1)^(1-$B$15) -> 0.25 | D21: =1/A21 -> 0.25 | E21: =20*LOG10(C21/D21) -> 0 | F21: =20*LOG10(C21/$C$18) -> -12.0412 | G21: =IF(A21>$B$14,"yes","no") -> no
A22: 5 | B22: =A22*$B$5 -> 2000 | C22: =1/A22*MAX(A22/$B$14,1)^(1-$B$15) -> 0.16730233 | D22: =1/A22 -> 0.2 | E22: =20*LOG10(C22/D22) -> -1.5505602 | F22: =20*LOG10(C22/$C$18) -> -15.52996 | G22: =IF(A22>$B$14,"yes","no") -> yes
A23: 6 | B23: =A23*$B$5 -> 2400 | C23: =1/A23*MAX(A23/$B$14,1)^(1-$B$15) -> 0.12049686 | D23: =1/A23 -> 0.16666667 | E23: =20*LOG10(C23/D23) -> -2.8174601 | F23: =20*LOG10(C23/$C$18) -> -18.380485 | G23: =IF(A23>$B$14,"yes","no") -> yes
A24: 7 | B24: =A24*$B$5 -> 2800 | C24: =1/A24*MAX(A24/$B$14,1)^(1-$B$15) -> 0.091300156 | D24: =1/A24 -> 0.14285714 | E24: =20*LOG10(C24/D24) -> -3.8886088 | F24: =20*LOG10(C24/$C$18) -> -20.79057 | G24: =IF(A24>$B$14,"yes","no") -> yes
A25: 8 | B25: =A25*$B$5 -> 3200 | C25: =1/A25*MAX(A25/$B$14,1)^(1-$B$15) -> 0.071793647 | D25: =1/A25 -> 0.125 | E25: =20*LOG10(C25/D25) -> -4.8164799 | F25: =20*LOG10(C25/$C$18) -> -22.87828 | G25: =IF(A25>$B$14,"yes","no") -> yes
A26: 9 | B26: =A26*$B$5 -> 3600 | C26: =1/A26*MAX(A26/$B$14,1)^(1-$B$15) -> 0.058077976 | D26: =1/A26 -> 0.11111111 | E26: =20*LOG10(C26/D26) -> -5.6349203 | F26: =20*LOG10(C26/$C$18) -> -24.71977 | G26: =IF(A26>$B$14,"yes","no") -> yes
A27: 10 | B27: =A27*$B$5 -> 4000 | C27: =1/A27*MAX(A27/$B$14,1)^(1-$B$15) -> 0.048044977 | D27: =1/A27 -> 0.1 | E27: =20*LOG10(C27/D27) -> -6.3670401 | F27: =20*LOG10(C27/$C$18) -> -26.36704 | G27: =IF(A27>$B$14,"yes","no") -> yes
A28: 11 | B28: =A28*$B$5 -> 4400 | C28: =1/A28*MAX(A28/$B$14,1)^(1-$B$15) -> 0.040470741 | D28: =1/A28 -> 0.090909091 | E28: =20*LOG10(C28/D28) -> -7.0293231 | F28: =20*LOG10(C28/$C$18) -> -27.857177 | G28: =IF(A28>$B$14,"yes","no") -> yes
A29: 12 | B29: =A29*$B$5 -> 4800 | C29: =1/A29*MAX(A29/$B$14,1)^(1-$B$15) -> 0.034603637 | D29: =1/A29 -> 0.083333333 | E29: =20*LOG10(C29/D29) -> -7.6339401 | F29: =20*LOG10(C29/$C$18) -> -29.217565 | G29: =IF(A29>$B$14,"yes","no") -> yes
... A33: 16 | B33: =A33*$B$5 -> 6400 | C33: =1/A33*MAX(A33/$B$14,1)^(1-$B$15) -> 0.020617311 | D33: =1/A33 -> 0.0625 | E33: =20*LOG10(C33/D33) -> -9.6329599 | F33: =20*LOG10(C33/$C$18) -> -33.71536 | G33: =IF(A33>$B$14,"yes","no") -> yes

Sheet Knee comparison
A1: Effect of KNEE_HIGH on a high voice
A2: Level of each harmonic versus a pure sawtooth (dB), for a voice at or above 200 Hz. Uses ROLLOFF_HIGH from the Harmonics sheet.
A4: KNEE_HIGH values to compare: | B4: 2 | C4: 3 | D4: 4 | E4: 5 | F4: 6
A5: Harmonic | B5: ="Knee "&B4 -> Knee 2 | C5: ="Knee "&C4 -> Knee 3 | D5: ="Knee "&D4 -> Knee 4 | E5: ="Knee "&E4 -> Knee 5 | F5: ="Knee "&F4 -> Knee 6
A6: 1 | B6: =20*LOG10(MAX($A6/B$4,1)^(1-Harmonics!$B$7)) -> 0 | C6: =20*LOG10(MAX($A6/C$4,1)^(1-Harmonics!$B$7)) -> 0 | D6: =20*LOG10(MAX($A6/D$4,1)^(1-Harmonics!$B$7)) -> 0 | E6: =20*LOG10(MAX($A6/E$4,1)^(1-Harmonics!$B$7)) -> 0 | F6: =20*LOG10(MAX($A6/F$4,1)^(1-Harmonics!$B$7)) -> 0
A7: 2 | B7: =20*LOG10(MAX($A7/B$4,1)^(1-Harmonics!$B$7)) -> 0 | C7: =20*LOG10(MAX($A7/C$4,1)^(1-Harmonics!$B$7)) -> 0 | D7: =20*LOG10(MAX($A7/D$4,1)^(1-Harmonics!$B$7)) -> 0 | E7: =20*LOG10(MAX($A7/E$4,1)^(1-Harmonics!$B$7)) -> 0 | F7: =20*LOG10(MAX($A7/F$4,1)^(1-Harmonics!$B$7)) -> 0
A8: 3 | B8: =20*LOG10(MAX($A8/B$4,1)^(1-Harmonics!$B$7)) -> -2.8174601 | C8: =20*LOG10(MAX($A8/C$4,1)^(1-Harmonics!$B$7)) -> 0 | D8: =20*LOG10(MAX($A8/D$4,1)^(1-Harmonics!$B$7)) -> 0 | E8: =20*LOG10(MAX($A8/E$4,1)^(1-Harmonics!$B$7)) -> 0 | F8: =20*LOG10(MAX($A8/F$4,1)^(1-Harmonics!$B$7)) -> 0
A9: 4 | B9: =20*LOG10(MAX($A9/B$4,1)^(1-Harmonics!$B$7)) -> -4.8164799 | C9: =20*LOG10(MAX($A9/C$4,1)^(1-Harmonics!$B$7)) -> -1.9990198 | D9: =20*LOG10(MAX($A9/D$4,1)^(1-Harmonics!$B$7)) -> 0 | E9: =20*LOG10(MAX($A9/E$4,1)^(1-Harmonics!$B$7)) -> 0 | F9: =20*LOG10(MAX($A9/F$4,1)^(1-Harmonics!$B$7)) -> 0
A10: 5 | B10: =20*LOG10(MAX($A10/B$4,1)^(1-Harmonics!$B$7)) -> -6.3670401 | C10: =20*LOG10(MAX($A10/C$4,1)^(1-Harmonics!$B$7)) -> -3.54958 | D10: =20*LOG10(MAX($A10/D$4,1)^(1-Harmonics!$B$7)) -> -1.5505602 | E10: =20*LOG10(MAX($A10/E$4,1)^(1-Harmonics!$B$7)) -> 0 | F10: =20*LOG10(MAX($A10/F$4,1)^(1-Harmonics!$B$7)) -> 0
A11: 6 | B11: =20*LOG10(MAX($A11/B$4,1)^(1-Harmonics!$B$7)) -> -7.6339401 | C11: =20*LOG10(MAX($A11/C$4,1)^(1-Harmonics!$B$7)) -> -4.8164799 | D11: =20*LOG10(MAX($A11/D$4,1)^(1-Harmonics!$B$7)) -> -2.8174601 | E11: =20*LOG10(MAX($A11/E$4,1)^(1-Harmonics!$B$7)) -> -1.2668999 | F11: =20*LOG10(MAX($A11/F$4,1)^(1-Harmonics!$B$7)) -> 0
A12: 7 | B12: =20*LOG10(MAX($A12/B$4,1)^(1-Harmonics!$B$7)) -> -8.7050887 | C12: =20*LOG10(MAX($A12/C$4,1)^(1-Harmonics!$B$7)) -> -5.8876286 | D12: =20*LOG10(MAX($A12/D$4,1)^(1-Harmonics!$B$7)) -> -3.8886088 | E12: =20*LOG10(MAX($A12/E$4,1)^(1-Harmonics!$B$7)) -> -2.3380486 | F12: =20*LOG10(MAX($A12/F$4,1)^(1-Harmonics!$B$7)) -> -1.0711486
A13: 8 | B13: =20*LOG10(MAX($A13/B$4,1)^(1-Harmonics!$B$7)) -> -9.6329599 | C13: =20*LOG10(MAX($A13/C$4,1)^(1-Harmonics!$B$7)) -> -6.8154997 | D13: =20*LOG10(MAX($A13/D$4,1)^(1-Harmonics!$B$7)) -> -4.8164799 | E13: =20*LOG10(MAX($A13/E$4,1)^(1-Harmonics!$B$7)) -> -3.2659197 | F13: =20*LOG10(MAX($A13/F$4,1)^(1-Harmonics!$B$7)) -> -1.9990198
A14: 9 | B14: =20*LOG10(MAX($A14/B$4,1)^(1-Harmonics!$B$7)) -> -10.4514 | C14: =20*LOG10(MAX($A14/C$4,1)^(1-Harmonics!$B$7)) -> -7.6339401 | D14: =20*LOG10(MAX($A14/D$4,1)^(1-Harmonics!$B$7)) -> -5.6349203 | E14: =20*LOG10(MAX($A14/E$4,1)^(1-Harmonics!$B$7)) -> -4.0843601 | F14: =20*LOG10(MAX($A14/F$4,1)^(1-Harmonics!$B$7)) -> -2.8174601
A15: 10 | B15: =20*LOG10(MAX($A15/B$4,1)^(1-Harmonics!$B$7)) -> -11.18352 | C15: =20*LOG10(MAX($A15/C$4,1)^(1-Harmonics!$B$7)) -> -8.3660599 | D15: =20*LOG10(MAX($A15/D$4,1)^(1-Harmonics!$B$7)) -> -6.3670401 | E15: =20*LOG10(MAX($A15/E$4,1)^(1-Harmonics!$B$7)) -> -4.8164799 | F15: =20*LOG10(MAX($A15/F$4,1)^(1-Harmonics!$B$7)) -> -3.54958
A16: 11 | B16: =20*LOG10(MAX($A16/B$4,1)^(1-Harmonics!$B$7)) -> -11.845803 | C16: =20*LOG10(MAX($A16/C$4,1)^(1-Harmonics!$B$7)) -> -9.0283429 | D16: =20*LOG10(MAX($A16/D$4,1)^(1-Harmonics!$B$7)) -> -7.0293231 | E16: =20*LOG10(MAX($A16/E$4,1)^(1-Harmonics!$B$7)) -> -5.4787629 | F16: =20*LOG10(MAX($A16/F$4,1)^(1-Harmonics!$B$7)) -> -4.211863
A17: 12 | B17: =20*LOG10(MAX($A17/B$4,1)^(1-Harmonics!$B$7)) -> -12.45042 | C17: =20*LOG10(MAX($A17/C$4,1)^(1-Harmonics!$B$7)) -> -9.6329599 | D17: =20*LOG10(MAX($A17/D$4,1)^(1-Harmonics!$B$7)) -> -7.6339401 | E17: =20*LOG10(MAX($A17/E$4,1)^(1-Harmonics!$B$7)) -> -6.0833799 | F17: =20*LOG10(MAX($A17/F$4,1)^(1-Harmonics!$B$7)) -> -4.8164799
... A21: 16 | B21: =20*LOG10(MAX($A21/B$4,1)^(1-Harmonics!$B$7)) -> -14.44944 | C21: =20*LOG10(MAX($A21/C$4,1)^(1-Harmonics!$B$7)) -> -11.63198 | D21: =20*LOG10(MAX($A21/D$4,1)^(1-Harmonics!$B$7)) -> -9.6329599 | E21: =20*LOG10(MAX($A21/E$4,1)^(1-Harmonics!$B$7)) -> -8.0823997 | F21: =20*LOG10(MAX($A21/F$4,1)^(1-Harmonics!$B$7)) -> -6.8154997
A23: 0.0 = same strength as a pure sawtooth; more negative = quieter (less buzzy).
A24: The current script setting is KNEE_HIGH = 4.
